class_id,literal,description,count_in_card199
G01,v,"Tall loop above baseline, crossed central stem, looped descender",31
G02,r,Looped ascender continuing into a right shoulder,25
G03,e,"Short top bar, descending bend, lower open/rounded bowl",62
G04,l,Two stacked closed or nearly closed lobes,31
G05,y,Oblique short stem with small lower baseline foot,23
G06,d,"High short bar, slanting stem, central cross stroke and lower hook",16
G07,i,"Angular upper cup, right stem, short horizontal foot",39
G08_N01,k,"Oval/rounded upper bowl plus descender whose lower contour returns obliquely toward/crosses the descending stem, making a closed or near-closed lower loop. Exact ink closure is not mandatory when a return is plainly visible.",19
G08_N02,z,Oval/rounded upper bowl plus descending stem ending in a leftward open hook with a free terminal; no comparable crossing/returned lower stroke is visible.,11
G09,a,Curving open upper crook flowing into a closed lower bowl,37
G10,h,Short vertical/oblique stem with a rightward branching shoulder,3
G10_CAP,ch,"Short-shoulder G10 body with clearly associated overhead cap/roof; proposed broad graphical family, with source-only equality uncertainty retained. Classify confidently matching forms; otherwise retain a new/uncertain ID.",2
G11,o,"Two right-facing lobes, open on left",32
G12,u,Curved upper hook with descending diagonal and lower sweep,19
G13,s,Single right-open rounded arc,36
G14,n,Connected low multi-hump form,31
G15,m,Connected low single-shoulder form,18
G16,f,Low trough with short upstrokes/hooks at both ends,1
G17,b,Long downward stem and low right shoulder/loop,17
G18,t,"Upper horizontal bar, long oblique stem, oval lower bowl to left",21
H440_N01_UNBARRED_LEFT_BOWL,t,Tall left-bowl body with no explicit upper horizontal bar; keep separate from G18.,0
G19,c,Small pointed/triangular teardrop or leaf-shaped loop,14
G20,p,Looped ascender with a second smaller lower bowl/return,20
G21,j,"Forked/curled head, transverse bar, long straight/slanted descender",14
