line,word,classes,literal,source_bbox_xyxy,orientation,mapped_bodies,unknown_clusters,initial_context_bbox_xyxy
1,1,G01 G02 G03 G04 G05,vrely,"[400, 865, 585, 955]",NONE,5,0,"[425, 865, 560, 955]"
1,2,G20 G11 G08_N02 G06 G02 G09 G01,pozdrav,"[525, 865, 750, 955]",NONE,7,0,"[550, 865, 725, 955]"
1,3,G09 G14 G06 G12 G04 G08_N01 G11,andulko,"[690, 865, 910, 955]",NONE,7,0,"[715, 865, 885, 955]"
1,4,G06 G02 G09 G10 G09,draha,"[860, 865, 1045, 955]",NONE,5,0,"[885, 865, 1020, 955]"
1,5,G08_N02 G03,ze,"[980, 865, 1120, 955]",NONE,2,0,"[1005, 865, 1095, 955]"
1,6,G08_N02 G07 G08_N02 G08_N01 G11 G01 G13 G08_N01 G03,zizkovske,"[1055, 865, 1300, 955]",NONE,9,0,"[1080, 865, 1275, 955]"
1,7,G20 G11 G13 H440_N01_UNBARRED_LEFT_BOWL G05,posty,"[1235, 865, 1430, 955]",NONE,5,0,"[1260, 865, 1405, 955]"
1,8,G08_N01 G06 G03,kde,"[1365, 865, 1530, 955]",NONE,3,0,"[1390, 865, 1505, 955]"
1,9,G21 G13 G03 G15,jsem,"[1465, 865, 1665, 955]",NONE,4,0,"[1490, 865, 1640, 955]"
2,1,G20 G02 G09 G01 G03,prave,"[115, 905, 305, 995]",NONE,5,0,"[140, 905, 280, 995]"
2,2,G01,v,"[250, 905, 370, 995]",NONE,1,0,"[275, 905, 345, 995]"
2,3,G12 G02 G03 G06 G14 G07,uredni,"[315, 905, 525, 995]",NONE,6,0,"[340, 905, 500, 995]"
2,4,G08_N02 G09 G04 G03 G08_N02 G07 H440_N01_UNBARRED_LEFT_BOWL G11 G13 H440_N01_UNBARRED_LEFT_BOWL G07,zalezitosti,"[470, 905, 765, 995]",NONE,11,0,"[495, 905, 740, 995]"
2,5,G14 G09 G01 G13 H440_N01_UNBARRED_LEFT_BOWL G07 G01 G07 G04,navstivil,"[705, 905, 970, 995]",NONE,9,0,"[730, 905, 945, 995]"
2,6,G13 G20 G02 G09 G01 G19 G03,spravce,"[905, 905, 1140, 995]",NONE,7,0,"[930, 905, 1115, 995]"
2,7,G13 G01 G03 G10 G11,sveho,"[1075, 905, 1265, 995]",NONE,5,0,"[1100, 905, 1240, 995]"
2,8,G06 G11 G17 G02 G03 U1 G11,dobre[U1]o,"[1200, 905, 1430, 995]",NONE,6,1,"[1225, 905, 1405, 995]"
2,9,G08_N02 G14 G09 G15 G03 G10 G11,znameho,"[1365, 905, 1670, 995]",NONE,7,0,"[1390, 905, 1645, 995]"
3,1,G21 G09 G08_N01,jak,"[140, 945, 240, 1035]",NONE,3,0,"[140, 945, 260, 1035]"
3,2,G13 G03,se,"[225, 945, 300, 1035]",NONE,2,0,"[245, 945, 330, 1035]"
3,3,G06 G09 G02 G07,dari,"[280, 945, 405, 1035]",NONE,4,0,"[325, 945, 450, 1035]"
3,4,G06 G02 G09 G10 G11 G12 G13 G08_N01 G12,drahousku,"[385, 945, 655, 1035]",NONE,9,0,"[445, 945, 665, 1035]"
3,5,G11 G06 G03,ode,"[645, 945, 725, 1035]",NONE,3,0,"[685, 945, 785, 1035]"
3,6,G06 G14 G03 G13 G08_N01 G09,dneska,"[715, 945, 880, 1035]",NONE,6,0,"[770, 945, 935, 1035]"
3,7,G08_N02 G09,za,"[875, 945, 945, 1035]",NONE,2,0,"[920, 945, 1015, 1035]"
3,8,H440_N01_UNBARRED_LEFT_BOWL G05 G06 G03 G14,tyden,"[925, 945, 1075, 1035]",NONE,5,0,"[1000, 945, 1145, 1035]"
3,9,G17 G12 G06 G12,budu,"[1055, 945, 1165, 1035]",NONE,4,0,"[1130, 945, 1255, 1035]"
3,10,G15 G07 G13 G03 H440_N01_UNBARRED_LEFT_BOWL G07,miseti,"[1160, 945, 1325, 1035]",NONE,6,0,"[1240, 945, 1385, 1035]"
3,11,G11 G20 G03 H440_N01_UNBARRED_LEFT_BOWL,opet,"[1310, 945, 1430, 1035]",NONE,4,0,"[1370, 945, 1480, 1035]"
3,12,G21 G03 H440_N01_UNBARRED_LEFT_BOWL G07,jeti,"[1420, 945, 1535, 1035]",NONE,4,0,"[1465, 945, 1565, 1035]"
3,13,G06 G11 G15 G12,domu,"[1530, 945, 1655, 1035]",NONE,4,0,"[1550, 945, 1660, 1035]"
4,1,G06 G11,do,"[100, 985, 165, 1075]",NONE,2,0,"[130, 985, 215, 1075]"
4,2,G12 G13 H440_N01_UNBARRED_LEFT_BOWL G07,usti,"[145, 985, 255, 1075]",NONE,4,0,"[200, 985, 315, 1075]"
4,3,G01,v,"[235, 985, 295, 1075]",NONE,1,0,"[300, 985, 375, 1075]"
4,4,G08_N01 G12 G02 G09 H440_N01_UNBARRED_LEFT_BOWL G03 G04 G14 G07,kuratelni,"[285, 985, 515, 1075]",NONE,9,0,"[360, 985, 575, 1075]"
4,5,G08_N02 G09 G04 G03 G08_N02 G07 H440_N01_UNBARRED_LEFT_BOWL G11 G13 G04 G07,zalezitosli,"[505, 985, 735, 1075]",NONE,11,0,"[560, 985, 820, 1075]"
4,6,G15 G03 G10 G11,meho,"[715, 985, 820, 1075]",NONE,4,0,"[805, 985, 925, 1075]"
4,7,G13 H440_N01_UNBARRED_LEFT_BOWL G02 G05 G19 G03,stryce,"[815, 985, 980, 1075]",NONE,6,0,"[910, 985, 1055, 1075]"
4,8,G14 G03 G17 G12 G06 G03 G04 G07,nebudeli,"[965, 985, 1170, 1075]",NONE,8,0,"[1040, 985, 1225, 1075]"
4,9,G12 G19 H440_N01_UNBARRED_LEFT_BOWL G11 G01 G09 G19 G07,uctovaci,"[1160, 985, 1355, 1075]",NONE,8,0,"[1210, 985, 1390, 1075]"
4,10,G13 H440_N01_UNBARRED_LEFT_BOWL G09 G14 G07,stani,"[1340, 985, 1480, 1075]",NONE,5,0,"[1375, 985, 1515, 1075]"
4,11,G11 G06 G04 G11 G08_N02 G03 G14 G11,odlozeno,"[1465, 985, 1655, 1075]",NONE,8,0,"[1500, 985, 1675, 1075]"
5,1,H440_N01_UNBARRED_LEFT_BOWL G03 G13 G07,tesi,"[100, 1025, 220, 1120]",NONE,4,0,"[130, 1025, 245, 1120]"
5,2,G13 G03,se,"[205, 1025, 275, 1120]",NONE,2,0,"[230, 1025, 315, 1120]"
5,3,G01 G03 U2 G07 G19 G03,ve[U2]ice,"[250, 1025, 405, 1120]",NONE,5,1,"[300, 1025, 485, 1120]"
5,4,G14 G09,na,"[390, 1025, 470, 1120]",NONE,2,0,"[470, 1025, 570, 1120]"
5,5,G06 G01 G11 G21 G03,dvoje,"[455, 1025, 585, 1120]",NONE,5,0,"[555, 1025, 705, 1120]"
5,6,G20 G13 G09 G14 G07 G19 G08_N01 G11,psanicko,"[570, 1025, 780, 1120]",NONE,8,0,"[690, 1025, 890, 1120]"
5,7,G09,a,"[765, 1025, 820, 1120]",NONE,1,0,"[875, 1025, 940, 1120]"
5,8,G14 G03 G13 G19 G07 G13 G04 G14 G03 G08_N01 G02 G09 G18 G03,nescislnekrate,"[805, 1025, 1140, 1120]",NONE,14,0,"[925, 1025, 1260, 1120]"
5,9,H440_N01_UNBARRED_LEFT_BOWL G03,te,"[1130, 1025, 1210, 1120]",NONE,2,0,"[1245, 1025, 1320, 1120]"
5,10,G04 G07 G17 G09,liba,"[1190, 1025, 1310, 1120]",NONE,4,0,"[1305, 1025, 1405, 1120]"
5,11,H440_N01_UNBARRED_LEFT_BOWL G01 G12 G21,tvuj,"[1290, 1025, 1410, 1120]",NONE,4,0,"[1390, 1025, 1500, 1120]"
5,12,G20 G03 G20 G11 G12 G13,pepous,"[1400, 1025, 1545, 1120]",NONE,6,0,"[1485, 1025, 1640, 1120]"
